date,bdi,bci,bpi,bsi,bhsi,china_pmi,india_iip,iron_ore_usd,world_trade_idx,vlsfo_usd_t
2023-01-06,1130.0,1512.0,1299.0,839.0,552.0,49.8,145.8,111.4090909090909,99.7,632
2023-01-13,946.0,1299.0,1069.0,686.0,500.0,50.0,146.4,111.4090909090909,99.1,615
2023-01-20,763.0,787.0,1060.0,652.0,441.0,50.5,145.8,111.4090909090909,99.7,623
2023-01-27,676.0,534.0,1054.0,650.0,431.0,51.1,146.1,111.4090909090909,99.8,629
2023-02-03,621.0,429.0,940.0,682.0,436.0,51.6,140.9,122.4318181818182,99.2,629
2023-02-10,602.0,486.0,864.0,628.0,436.0,52.2,141.1,122.4318181818182,99.3,634
2023-02-17,538.0,271.0,811.0,695.0,438.0,52.6,140.3,122.4318181818182,99.5,627
2023-02-24,883.0,636.0,1271.0,996.0,505.0,52.4,140.3,122.4318181818182,100.2,634
2023-03-03,1211.0,1195.0,1565.0,1189.0,584.0,52.2,156.3,127.075,99.8,632
2023-03-10,1424.0,1744.0,1654.0,1209.0,631.0,52.0,154.8,127.075,100.1,635
2023-03-17,1535.0,1913.0,1723.0,1318.0,694.0,51.7,156.6,127.075,100.3,635
2023-03-24,1489.0,1882.0,1572.0,1332.0,703.0,51.1,155.7,127.075,100.2,632
2023-03-31,1389.0,1665.0,1635.0,1198.0,687.0,50.5,156.1,127.075,99.8,642
2023-04-07,1560.0,2041.0,1851.0,1161.0,643.0,49.9,141.1,127.9782608695652,100.1,634
2023-04-14,1435.0,1850.0,1702.0,1096.0,628.0,49.3,140.6,127.9782608695652,100.2,646
2023-04-21,1504.0,1962.0,1692.0,1201.0,660.0,49.1,140.5,127.9782608695652,100.6,617
2023-04-28,1576.0,2301.0,1586.0,1165.0,663.0,49.0,141.2,127.9782608695652,99.9,649
2023-05-05,1558.0,2384.0,1501.0,1096.0,645.0,48.9,143.7,117.125,100.4,626
2023-05-12,1558.0,2456.0,1402.0,1105.0,632.0,48.8,145.2,117.125,100.3,641
2023-05-19,1384.0,2105.0,1222.0,1077.0,612.0,48.8,145.7,117.125,100.1,635
2023-05-26,1172.0,1683.0,1119.0,946.0,588.0,48.9,145.5,117.125,99.9,640
2023-06-02,919.0,1116.0,1030.0,819.0,545.0,48.9,143.5,104.5217391304348,100.4,628
2023-06-09,1055.0,1514.0,1146.0,736.0,501.0,49.0,143.9,104.5217391304348,99.9,638
2023-06-16,1076.0,1528.0,1193.0,748.0,464.0,49.0,143.5,104.5217391304348,100.3,630
2023-06-23,1240.0,2080.0,1127.0,743.0,455.0,49.1,145.6,104.5217391304348,100.3,628
2023-06-30,1091.0,1704.0,1030.0,749.0,446.0,49.1,143.5,104.5217391304348,99.8,638
2023-07-07,1009.0,1522.0,984.0,724.0,424.0,49.2,145.8,113.0909090909091,100.7,642
2023-07-14,1090.0,1655.0,1095.0,743.0,409.0,49.3,144.0,113.0909090909091,100.1,632
2023-07-21,978.0,1442.0,924.0,758.0,400.0,49.4,145.3,113.0909090909091,100.8,630
2023-07-28,1110.0,1830.0,975.0,726.0,396.0,49.5,146.0,113.0909090909091,100.5,635
2023-08-04,1136.0,1818.0,1133.0,688.0,390.0,49.6,142.3,113.9761904761905,100.3,620
2023-08-11,1129.0,1592.0,1337.0,728.0,411.0,49.6,142.4,113.9761904761905,100.8,627
2023-08-18,1237.0,1598.0,1542.0,879.0,469.0,49.7,143.3,113.9761904761905,100.7,636
2023-08-25,1080.0,1174.0,1449.0,908.0,507.0,49.9,142.8,113.9761904761905,101.2,616
2023-09-01,1065.0,1032.0,1478.0,980.0,541.0,50.0,143.0,109.6086956521739,101.0,620
2023-09-08,1186.0,1289.0,1489.0,1079.0,572.0,50.1,142.7,109.6086956521739,101.0,626
2023-09-15,1381.0,1602.0,1656.0,1221.0,634.0,50.2,141.9,109.6086956521739,100.9,634
2023-09-22,1593.0,2083.0,1685.0,1355.0,670.0,50.0,143.7,109.6086956521739,101.2,634
2023-09-29,1701.0,2474.0,1701.0,1276.0,679.0,49.9,143.1,109.6086956521739,101.1,614
2023-10-06,1929.0,3309.0,1572.0,1233.0,675.0,49.7,146.2,120.4285714285714,100.2,615
2023-10-13,1945.0,3327.0,1567.0,1268.0,687.0,49.5,147.1,120.4285714285714,101.0,617
2023-10-20,2046.0,3556.0,1638.0,1287.0,686.0,49.5,146.9,120.4285714285714,100.9,618
2023-10-27,1563.0,2226.0,1605.0,1184.0,671.0,49.5,147.0,120.4285714285714,100.7,604
2023-11-03,1462.0,2113.0,1448.0,1101.0,634.0,49.4,145.1,118.75,100.9,606
2023-11-10,1643.0,2589.0,1530.0,1125.0,594.0,49.4,146.3,118.75,101.2,623
2023-11-17,1820.0,2763.0,1874.0,1205.0,599.0,49.4,145.8,118.75,101.2,617
2023-11-24,2102.0,3385.0,2064.0,1279.0,670.0,49.3,147.7,118.75,101.4,616
2023-12-01,3192.0,6237.0,2341.0,1489.0,773.0,49.2,155.7,131.25,101.4,611
2023-12-08,2483.0,4259.0,2104.0,1521.0,872.0,49.1,155.0,131.25,100.7,604
2023-12-15,2348.0,4113.0,1900.0,1426.0,908.0,49.0,155.4,131.25,101.8,608
2023-12-22,2094.0,3398.0,1909.0,1369.0,879.0,49.0,156.2,131.25,101.2,607
2023-12-29,2076,2717,1656,1293,747,49.1,155.8,131.25,101.5,606
2024-01-05,2110.0,3798.0,1666.0,1212.0,695.0,49.1,152.3,137.547619047619,101.3,603
2024-01-12,1460.0,2172.0,1410.0,1088.0,616.0,49.2,153.0,137.547619047619,101.6,600
2024-01-19,1503.0,2244.0,1550.0,1030.0,594.0,49.2,153.2,137.547619047619,101.4,597
2024-01-26,1518.0,2135.0,1696.0,1065.0,596.0,49.2,153.3,137.547619047619,101.4,595
2024-02-02,1407.0,2030.0,1444.0,1041.0,585.0,49.1,147.0,136.5869565217391,101.4,590
2024-02-09,1545.0,2381.0,1509.0,1053.0,568.0,49.1,148.2,136.5869565217391,101.8,578
2024-02-16,1610.0,2448.0,1646.0,1071.0,572.0,49.2,148.5,136.5869565217391,101.8,593
2024-02-23,1866.0,3145.0,1595.0,1189.0,628.0,49.6,148.0,136.5869565217391,101.5,589
2024-03-01,2203.0,3977.0,1723.0,1267.0,722.0,50.0,163.6,125.9285714285714,102.1,597
2024-03-08,2345.0,4245.0,1861.0,1318.0,762.0,50.4,163.7,125.9285714285714,101.4,590
2024-03-15,2374.0,4019.0,2234.0,1326.0,781.0,50.8,163.6,125.9285714285714,102.0,581
2024-03-22,2196.0,3482.0,2165.0,1383.0,795.0,50.7,162.4,125.9285714285714,102.1,575
2024-03-29,1821.0,2637.0,1879.0,1331.0,772.0,50.6,163.5,125.9285714285714,101.4,581
2024-04-05,1628.0,2274.0,1695.0,1261.0,735.0,50.5,146.6,110.1904761904762,101.6,589
2024-04-12,1729.0,2552.0,1713.0,1272.0,722.0,50.4,147.1,110.1904761904762,102.0,582
2024-04-19,1919.0,2839.0,1916.0,1394.0,741.0,50.3,147.1,110.1904761904762,101.9,579
2024-04-26,1721.0,2172.0,1878.0,1495.0,751.0,50.1,147.0,110.1904761904762,101.5,570
2024-05-03,1876.0,2673.0,1884.0,1458.0,729.0,49.9,152.6,112.2272727272727,101.5,575
2024-05-10,2003.0,2924.0,2008.0,1485.0,703.0,49.6,152.8,112.2272727272727,101.8,575
2024-05-17,1844.0,2675.0,1825.0,1405.0,690.0,49.5,152.5,112.2272727272727,101.4,581
2024-05-24,1797.0,2613.0,1824.0,1326.0,688.0,49.5,152.9,112.2272727272727,101.9,580
2024-05-31,1815.0,2820.0,1693.0,1278.0,720.0,49.5,153.8,112.2272727272727,102.1,584
2024-06-07,1881.0,2998.0,1750.0,1254.0,714.0,49.5,150.7,119.2391304347826,102.2,562
2024-06-14,1948.0,2957.0,1950.0,1335.0,711.0,49.5,151.3,119.2391304347826,102.5,567
2024-06-21,1997.0,3142.0,1827.0,1398.0,753.0,49.5,151.4,119.2391304347826,102.2,560
2024-06-28,2050.0,3443.0,1667.0,1385.0,763.0,49.5,151.8,119.2391304347826,102.0,573
2024-07-05,1966.0,3339.0,1546.0,1335.0,742.0,49.4,151.9,108.1,102.2,569
2024-07-12,1997.0,3296.0,1678.0,1364.0,741.0,49.4,151.7,108.1,102.3,573
2024-07-19,1902.0,2973.0,1714.0,1374.0,752.0,49.4,153.8,108.1,102.4,572
2024-07-26,1808.0,2614.0,1792.0,1386.0,759.0,49.3,152.9,108.1,102.6,578
2024-08-02,1675.0,2327.0,1705.0,1342.0,759.0,49.2,149.8,107.3913043478261,102.4,565
2024-08-09,1670.0,2437.0,1599.0,1301.0,755.0,49.2,148.9,107.3913043478261,102.5,560
2024-08-16,1691.0,2537.0,1552.0,1304.0,754.0,49.1,150.2,107.3913043478261,102.4,557
2024-08-23,1762.0,2851.0,1414.0,1318.0,753.0,49.3,150.2,107.3913043478261,102.4,553
2024-08-30,1814.0,3099.0,1316.0,1306.0,744.0,49.4,150.9,107.3913043478261,102.7,575
2024-09-06,1941.0,3356.0,1294.0,1260.0,724.0,49.6,150.2,100.9090909090909,103.3,562
2024-09-13,1890.0,3089.0,1428.0,1264.0,707.0,49.8,150.1,100.9090909090909,102.1,570
2024-09-20,1977.0,3235.0,1538.0,1289.0,707.0,49.8,150.4,100.9090909090909,102.8,575
2024-09-27,2110.0,3689.0,1446.0,1306.0,710.0,49.9,152.0,100.9090909090909,102.0,566
2024-10-04,1928.0,3243.0,1388.0,1258.0,712.0,50.0,153.8,96.23809523809524,102.3,560
2024-10-11,1790.0,2755.0,1455.0,1274.0,718.0,50.1,153.4,96.23809523809524,102.6,566
2024-10-18,1576.0,2276.0,1285.0,1250.0,727.0,50.1,153.5,96.23809523809524,102.0,578
2024-10-25,1410.0,1856.0,1201.0,1240.0,728.0,50.2,154.1,96.23809523809524,102.9,574
2024-11-01,1378.0,1848.0,1199.0,1163.0,718.0,50.2,153.5,106.6086956521739,103.1,566
2024-11-08,1495.0,2316.0,1176.0,1079.0,703.0,50.3,152.8,106.6086956521739,102.6,570
2024-11-15,1785.0,3229.0,1212.0,1019.0,685.0,50.3,152.8,106.6086956521739,103.2,569
2024-11-22,1537.0,2626.0,1083.0,984.0,670.0,50.3,152.4,106.6086956521739,103.0,564
2024-11-29,1354.0,2133.0,1018.0,980.0,659.0,50.2,152.9,106.6086956521739,102.7,583
2024-12-06,1167.0,1535.0,1067.0,974.0,644.0,50.2,161.2,103.9761904761905,103.1,570
2024-12-13,1051.0,1263.0,995.0,959.0,618.0,50.1,161.8,103.9761904761905,102.8,572
2024-12-20,990.0,1115.0,976.0,940.0,579.0,49.9,163.6,103.9761904761905,103.3,575
2024-12-27,997.0,1147.0,988.0,923.0,569.0,49.7,163.8,103.9761904761905,103.1,576
2025-01-03,1072.0,1375.0,1040.0,884.0,549.0,49.5,160.0,105.3409090909091,102.9,575
2025-01-10,1048.0,1448.0,953.0,819.0,508.0,49.3,160.6,105.3409090909091,103.2,580
2025-01-17,987.0,1393.0,897.0,747.0,453.0,49.2,159.2,105.3409090909091,103.3,575
2025-01-24,778.0,983.0,774.0,639.0,411.0,49.4,160.3,105.3409090909091,102.9,579
2025-01-31,735.0,874.0,800.0,603.0,377.0,49.7,161.0,105.3409090909091,103.3,577
2025-02-07,815.0,840.0,1035.0,677.0,398.0,49.9,155.1,103.7826086956522,103.6,580
2025-02-14,792.0,716.0,980.0,765.0,472.0,50.2,153.7,103.7826086956522,103.3,572
2025-02-21,981.0,991.0,1170.0,886.0,534.0,50.3,154.8,103.7826086956522,103.7,594
2025-02-28,1229.0,1818.0,1063.0,895.0,547.0,50.3,153.7,103.7826086956522,103.5,579
2025-03-07,1400.0,2422.0,995.0,864.0,556.0,50.2,169.5,108.2,103.5,584
2025-03-14,1669.0,2857.0,1365.0,930.0,572.0,50.2,172.6,108.2,102.9,585
2025-03-21,1643.0,2676.0,1375.0,1012.0,596.0,50.2,172.0,108.2,103.0,575
2025-03-28,1602.0,2472.0,1497.0,995.0,614.0,50.2,171.0,108.2,103.5,575
2025-04-04,1489.0,2219.0,1425.0,971.0,613.0,50.5,154.4,103.652380952381,103.0,569
2025-04-11,1274.0,1803.0,1186.0,939.0,582.0,50.5,154.4,103.652380952381,103.4,570
2025-04-18,1261.0,1678.0,1273.0,950.0,569.0,50.5,155.0,103.652380952381,103.9,586
2025-04-25,1373.0,1889.0,1392.0,977.0,568.0,50.5,154.1,103.652380952381,104.2,583
2025-05-02,1421.0,2079.0,1368.0,955.0,560.0,48.9631837791,159.1,100.9090909090909,104.2,584
2025-05-09,1299.0,1709.0,1353.0,969.0,554.0,48.9631837791,159.3,100.9090909090909,104.4,590
2025-05-16,1388.0,2018.0,1290.0,978.0,554.0,48.9631837791,160.6,100.9090909090909,104.0,582
2025-05-23,1340.0,1900.0,1246.0,983.0,581.0,48.9631837791,159.6,100.9090909090909,104.1,595
2025-05-30,1418.0,2277.0,1119.0,951.0,601.0,48.9631837791,160.1,100.9090909090909,103.9,577
2025-06-06,1633.0,2842.0,1246.0,933.0,600.0,49.5,159.5,100.2727272727273,103.3,582
2025-06-13,1968.0,3722.0,1401.0,936.0,604.0,49.5,158.7,100.2727272727273,104.2,582
2025-06-20,1689.0,2879.0,1350.0,973.0,624.0,49.5,157.4,100.2727272727273,103.7,587
2025-06-27,1521.0,2220.0,1490.0,1009.0,636.0,49.5,158.2,100.2727272727273,103.4,585
2025-07-04,1436.0,1855.0,1436.0,1081.0,633.0,49.7,159.0,96.16666666666669,104.5,594
2025-07-11,1663.0,2104.0,1860.0,1219.0,645.0,49.7,159.2,96.16666666666669,104.2,582
2025-07-18,2052.0,3084.0,1919.0,1346.0,673.0,49.7,159.8,96.16666666666669,104.6,587
2025-07-25,2257.0,3829.0,1838.0,1294.0,682.0,49.7,160.0,96.16666666666669,104.2,582
2025-08-01,2018.0,3296.0,1644.0,1269.0,678.0,49.3,156.2,101.2173913043478,104.3,580
2025-08-08,2051.0,3342.0,1635.0,1320.0,683.0,49.3,156.5,101.2173913043478,104.0,583
2025-08-15,2044.0,3295.0,1622.0,1353.0,698.0,49.3,157.0,101.2173913043478,104.5,574
2025-08-22,1944.0,2793.0,1770.0,1424.0,725.0,49.3,157.1,101.2173913043478,104.5,578
2025-08-29,2025.0,2925.0,1847.0,1465.0,767.0,49.3,157.2,101.2173913043478,104.7,571
2025-09-05,1979.0,2835.0,1802.0,1456.0,787.0,49.4,157.0,103.2857142857143,104.7,581
2025-09-12,2126.0,3070.0,2006.0,1492.0,804.0,49.4,157.0,103.2857142857143,104.6,577
2025-09-19,2203.0,3437.0,1845.0,1489.0,815.0,49.4,158.2,103.2857142857143,104.0,582
2025-09-26,2259.0,3627.0,1832.0,1479.0,841.0,49.4,156.8,103.2857142857143,104.7,579
2025-10-03,1901.0,2724.0,1662.0,1447.0,868.0,49.8,161.2,106.4090909090909,104.8,576
2025-10-10,1936.0,2799.0,1764.0,1402.0,873.0,49.8,160.0,106.4090909090909,104.7,570
2025-10-17,2069.0,3121.0,1827.0,1424.0,885.0,49.8,162.4,106.4090909090909,105.2,578
2025-10-24,1991.0,2871.0,1924.0,1369.0,878.0,49.8,160.8,106.4090909090909,105.0,571
2025-10-31,1966.0,2929.0,1821.0,1326.0,847.0,49.8,161.4,106.4090909090909,104.4,562
2025-11-07,2104.0,3341.0,1833.0,1319.0,810.0,49.0,159.8,106.8695652173913,104.5,561
2025-11-14,2125.0,3252.0,1897.0,1408.0,819.0,49.0,160.9,106.8695652173913,104.5,559
2025-11-21,2275.0,3653.0,1928.0,1432.0,820.0,49.0,159.5,106.8695652173913,104.6,556
2025-11-28,2560.0,4481.0,1952.0,1441.0,827.0,49.0,161.0,106.8695652173913,104.9,555
2025-12-05,2727.0,5083.0,1837.0,1436.0,841.0,49.2,171.6,106.23,104.7,565
2025-12-12,2205.0,3706.0,1688.0,1371.0,805.0,49.2,171.1,106.23,104.2,564
2025-12-19,2023.0,3624.0,1323.0,1222.0,746.0,49.2,172.3,106.23,105.0,555
2025-12-26,1877.0,3319.0,1267.0,1144.0,719.0,49.2,170.7,106.23,105.0,563
2026-01-02,1882.0,3108.0,1282.0,1076.0,685.0,50.1,168.2,107.5863636363636,105.4,555
2026-01-09,1688.0,2640.0,1345.0,967.0,605.0,50.1,167.5,107.5863636363636,105.3,541
2026-01-16,1567.0,2224.0,1458.0,967.0,588.0,50.1,167.7,107.5863636363636,104.8,546
2026-01-23,1762.0,2583.0,1612.0,1026.0,600.0,50.1,168.3,107.5863636363636,105.0,553
2026-01-30,2148.0,3507.0,1743.0,1067.0,618.0,50.1,167.9,107.5863636363636,105.3,553
2026-02-06,1923.0,2918.0,1652.0,1104.0,638.0,49.3,163.6,107.4454545454545,105.0,540
2026-02-13,2083.0,3181.0,1777.0,1186.0,680.0,49.3,162.5,107.4454545454545,104.9,548
2026-02-20,2043.0,3051.0,1838.0,1159.0,709.0,49.3,162.6,107.4454545454545,105.4,548
2026-02-27,2140.0,3056.0,1942.0,1338.0,776.0,49.3,162.3,107.4454545454545,105.4,537
2026-03-06,2010.0,2631.0,1962.0,1386.0,827.0,49.0,177.9,100.965,105.9,538
2026-03-13,2028.0,2880.0,1838.0,1283.0,796.0,49.0,179.9,100.965,105.3,531
2026-03-20,2056.0,2971.0,1904.0,1224.0,744.0,49.0,178.6,100.965,105.0,534
2026-03-27,2031.0,3032.0,1756.0,1206.0,713.0,49.0,180.9,100.965,105.7,524
2026-04-03,2066.0,3086.0,1784.0,1224.0,695.0,49.0,161.8,107.5772727272727,105.6,527
2026-04-10,2201.0,3318.0,1855.0,1308.0,699.0,49.0,160.8,107.5772727272727,105.7,528
2026-04-17,2567.0,4128.0,1975.0,1415.0,741.0,49.0,162.5,107.5772727272727,105.8,530
2026-04-24,2665.0,4282.0,1960.0,1535.0,797.0,49.0,161.0,107.5772727272727,105.3,522
2026-05-01,2730.0,4447.0,2002.0,1520.0,815.0,49.0,166.8,109.3863636363636,105.6,524
2026-05-08,2978.0,4955.0,2233.0,1522.0,833.0,49.0,166.8,109.3863636363636,105.1,521
2026-05-15,3151.0,5173.0,2521.0,1565.0,850.0,49.0,166.5,109.3863636363636,106.0,526
2026-05-22,2991.0,4954.0,2223.0,1567.0,843.0,49.0,167.3,109.3863636363636,105.7,512
2026-05-29,3224.0,5503.0,2343.0,1569.0,851.0,49.0,167.5,109.3863636363636,105.8,522
2026-06-05,2981.0,4893.0,2236.0,1588.0,864.0,49.0,166.9,111.6285714285714,105.8,520
2026-06-12,2729.0,4107.0,2283.0,1642.0,900.0,49.0,166.1,111.6285714285714,105.8,518
2026-06-19,2722.0,4149.0,2096.0,1718.0,934.0,49.0,168.2,111.6285714285714,105.8,527
2026-06-26,2524.0,3640.0,2110.0,1670.0,945.0,49.0,167.3,111.6285714285714,105.8,518
2026-07-03,2717.0,4100.0,2203.0,1673.0,942.0,49.0,167.8,103.7909090909091,106.3,514
2026-07-10,2944.0,4655.0,2253.0,1706.0,915.0,49.0,166.5,103.7909090909091,106.7,522
2026-07-17,2752.0,4097.0,2248.0,1737.0,903.0,49.0,167.0,103.7909090909091,105.8,507
2026-07-24,2743.0,4285.0,2024.0,1694.0,905.0,49.0,167.5,103.7909090909091,106.3,516
2026-07-31,2732.0,4296.0,2087.0,1609.0,887.0,49.0,167.8,103.7909090909091,105.5,512
2026-08-07,3089.0,5128.0,2298.0,1603.0,874.0,49.0,164.0,101.595652173913,105.6,512
2026-08-14,2863.0,4538.0,2228.0,1622.0,866.0,49.0,163.7,101.595652173913,106.2,515
2026-08-21,2841.0,4552.0,2103.0,1640.0,874.0,49.0,164.6,101.595652173913,105.6,510
2026-08-28,3186.0,5336.0,2315.0,1647.0,881.0,49.0,165.0,101.595652173913,106.7,510
2026-09-04,3628.0,6427.0,2448.0,1675.0,900.0,49.0,165.4,101.595652173913,106.6,519
2026-09-11,3507.0,6080.0,2407.0,1719.0,940.0,49.0,164.9,101.595652173913,106.5,519
2026-09-18,3370.0,5768.0,2251.0,1767.0,988.0,49.0,166.1,101.595652173913,106.7,503
2026-09-25,3426.0,5784.0,2407.0,1786.0,1011.0,49.0,165.3,101.595652173913,106.1,503
2026-10-02,3148.0,5042.0,2372.0,1789.0,1007.0,49.0,170.0,101.595652173913,106.4,522
